i,block_id,submit_status,submit_s,first_solid_s,referenced_s,milestone,ledger_inclusion_state
0,0x24108845638b0f2271cc5ccb9af58e264420d9370fc805afd4fd4c517e946884,201,0.018,0.019,2.552,36,noTransaction
1,0x4758b0fdd7cc0571eaa005e11da889b0518e3988d4a4fb90e1c2e0609cf1c06f,201,0.008,0.016,2.548,37,noTransaction
2,0xbf2f3afee7d6c336cdb136546997671dc2fe0a856dbf51bb67f8c775b9c4273a,201,0.006,0.011,4.838,38,noTransaction
3,0xb52329d398355295774e6b42536bbbb047b04b163bf082603bc6fffd91aee266,201,0.005,0.01,3.816,39,noTransaction
4,0xf4d691885b15762a2ad57791265752da2d35383718530bac26e86766fd0d9e39,201,0.004,0.007,4.068,40,noTransaction
5,0xdf0a288671c6692ecb2f42112f3bafc4a6375f9fd48ba06e952a941c1cd82ca9,201,0.005,0.009,3.563,41,noTransaction
6,0xcb6c1d6fba9f9ccecc83195583a0ab7714ce504c277f41da59f68f278e2e077d,201,0.002,0.003,4.829,42,noTransaction
7,0xdfae5b2b9ad59cd80fa1a473a97ffdf287022c75868d716dbca942cee564d2d9,201,0.005,0.009,4.067,44,noTransaction
8,0x445b5e438290d3168d3bb4bbb69f3a7d1b2e66ccc00f7c3f0546cc27a0723bf8,201,0.005,0.009,1.022,45,noTransaction
9,0xadb9e036168f560d4d907f68161cc63166bdaf6f59f9ce71c9047b83e48031f0,201,0.005,0.009,3.304,46,noTransaction
10,0xc17c95a7872ecba2d19931d54565756a9b476d46733c277f6fa1a672d0e28db3,201,0.007,0.013,3.31,47,noTransaction
11,0x242f5b6045f7b007bc7cd30843033462b03acf3d853373ce88ceadb421216d83,201,0.005,0.009,4.316,49,noTransaction
12,0xd97c114621a1c838b3281d14bd79a7c06f5837d74372855e207b30fcd57cc897,201,0.002,0.003,5.072,50,noTransaction
13,0xc91fd995d06d19cc97869020647052af4d5595c13e4b260185faf0d2f31cf54f,201,0.004,0.007,2.794,51,noTransaction
14,0xe35b02c883dbe1abdcfacb256ea6f0bd5825486102e2398ee9b65ff9947f3dd0,201,0.004,0.006,4.569,52,noTransaction
15,0xe9d7f74ead3b2366902ebc2d29780c4100aa21f27329d697f5438c7c505fdd99,201,0.005,0.009,2.802,53,noTransaction
16,0x959abc87fa05732f00f404674e6921a625d0863b7965771eb5b425c5ccc75f53,201,0.004,0.006,1.276,54,noTransaction
17,0x2289e0a61bd7d7f5e60f0ca8884283b7f64122208a233b402418f719df5320bb,201,0.004,0.008,2.298,55,noTransaction
18,0x88870ee580c1c639325da13a3a7c9bedecee5984b37e44c22ae4e081f24c9a5a,201,0.005,0.008,2.287,56,noTransaction
19,0x845ec1eeb9f690d8a37312718bef1d6c216584eae89903edea02359de6fd78d1,201,0.003,0.004,0.256,57,noTransaction
